content,id,conversationId,type,created,user_id
"Write an engaging email to families introducing an upcoming student newsletter opportunity for the next school year. The newsletter is a student-led publication released monthly through the school’s regular family communications. Students will receive an application form to take home later this week, with a submission deadline in late spring. A digital copy of the application is also included in the email for convenience. Please note that participation is selective and not all applicants will be chosen. The final student team will be announced in early summer.",bKOAjJ,9e3b5738,request,1.74614E+12,sd
Design a mathematics lesson that connects abstract mathematical concepts to real-world applications in a professional field.,2qTUjZ,f4241b00,request,1.74612E+12,sd
I need a short statement describing what ELA skills typical 7th grade students demonstrate,0KRKjZ,94a51be7,request,1.74612E+12,fg
now create me a rubric based on these directions,f6S_jZY,ff5ab84f,request,1.74611E+12,we
"I can use the whole sentence to help me figure out what other words in the sentence mean. (Q2-Q4)  
I can use the beginnings, endings, and roots of words to help me figure out the meaning of a word. (Q2-Q4)  
I can use words I already know to help me figure out what other words mean. (Q2-Q4)  
I can sort words into groups and use the names of the groups to help me understand them better (when someone helps me). (Q1-Q3)  
I can explain how a word belongs in a group (when someone helps me). (Q1-Q3)  
I can tell or show the difference between verbs and adjectives that are almost alike (when someone helps me). (Q1-Q3)  
I can use the new words I learn in different ways to show that I know what they mean. (Q2, Q4 condense into 2 small i can statements",26RpjZY,2597123b,request,1.74612E+12,sd
Revise scoring to be out of 100 points since this is a summative essay,w6RVjZY,9958bc54,request,1.74611E+12,sd
which video is better one or two ?,lqKeiZYB,7f03b48f,request,1.74607E+12,fd
"<thinking-cai>

Let me solve this problem by setting up equations for both growth patterns:

Linear Growth (Option 1): A(n) = 10000 + 800n
where n is the number of years and A(n) is the amount after n years

Exponential Growth (Option 2): B(n) = 10000(1.09)^n
where 1.09 represents the 9% increase (1 + 0.09)

Let's analyze the first year:
- Fixed increase: $10,800
- 9% growth: $10,900 (9% of $10,000 = $900)

This case is interesting because:
- The percentage option still starts better but by a smaller margin ($100 difference)
- The fixed increase is higher than previous examples ($800 vs $600)
- The high percentage rate (9%) should still lead to significant compounding advantages
- The smaller initial difference might suggest a potential crossover point, but the high percentage rate makes this unlikely

</thinking-cai>


<output-cai>

### Mathematical Analysis
The 9% interest option begins with a slight advantage and maintains superiority throughout the investment period. There is no crossover point because the 9% interest yields $900 in the first year ($10,000 √ó 0.09 = $900), which exceeds the fixed annual addition of $800, and this advantage grows exponentially through compounding.

### First Year Comparison
In the first year, the fixed addition option grows to $10,800, while the 9% interest yields $10,900. This initial $100 difference in favor of the percentage-based option might appear modest, but it's significant because it combines with the power of 9% compound growth to create an expanding advantage. Unlike scenarios with lower interest rates, even this small initial lead quickly becomes substantial.

### Growth Pattern Analysis
The advantage of the 9% interest compounds significantly over time. By year 5, the compound interest option would yield approximately $15,386, while the fixed addition option would reach $14,000. By year 10, the difference becomes more dramatic: approximately $23,674 for the compound interest option versus $18,000 for the fixed addition option. This demonstrates how even a small initial advantage combined with a high interest rate can create substantial wealth through compounding.

### Investment Strategy Implications
This scenario demonstrates the power of a high compound interest rate, even when compared to a relatively generous fixed addition. For college savings purposes, the 9% option offers significantly better potential for keeping pace with rising education costs. However, it's important to note that achieving a consistent 9% return would likely require accepting higher investment risk compared to the guaranteed $800 annual addition. The decision might depend on the investor's risk tolerance and time horizon.

</output-cai>


<reflection-cai>

The analysis reveals several key insights:
- No crossover point exists despite the relatively small initial difference
- The high interest rate amplifies even small early advantages
- The compound growth creates an accelerating advantage over time
- Risk considerations become more important with higher returns

Key mathematical principles demonstrated:
1. How high interest rates affect compound growth
2. The relationship between initial advantages and long-term outcomes
3. The power of compound interest at higher rates
4. The exponential nature of growth differences

Educational value:
- Shows how small initial differences can lead to large long-term impacts
- Demonstrates the significance of high compound interest rates
- Illustrates risk-return relationships
- Provides practical context for investment decisions

The scenario could be enhanced by:
- Including risk assessment
- Analyzing historical market returns
- Examining the probability of achieving 9% returns
- Considering the impact of market volatility
- Discussing portfolio diversification strategies

</reflection-cai>",S6N0jJY,9fe03c96,response,1.74614E+12,sd
"<thinking-cai>

I will analyze a student-created self-reflection presentation using the provided rubric. Each evaluation component is considered below:

Content: Key Aspects of Culture

General identification of cultural contexts without specific geographic or institutional references

Lists cultural elements but provides limited explanation

Mentions norms and values with minimal elaboration

Limited depth in describing cultural influences

Cultural Comparison

Brief references to differences in time use, leisure, and communication

Comparisons are mentioned without concrete examples

Limited comparative analysis

No specific cultures identified

Voice Over

An indication of audio content is present, but no audio is available

Unable to fully evaluate this component

Organization, Structure, and Citation Guidelines

Basic organizational structure is evident

References are present but minimal

Citation formatting appears incomplete

Outline-style structure with limited transitions

Design and Visual Appeal

Very basic presentation structure

Minimal content per slide

No visual elements described

Reliance on simple bullet points

</thinking-cai>
<output-cai>
Content Evaluation

The presentation identifies general cultural elements such as personal background and social context. While it references norms, values, and social interactions, the discussion lacks depth and concrete examples. Further elaboration on how these cultural elements influence experiences and perspectives would strengthen this section.

Cultural Comparison Analysis

The cultural comparison component is brief and underdeveloped. Although differences in areas such as time use and communication are mentioned, the analysis lacks specific examples or meaningful contrasts between cultural contexts. The ideas presented would benefit from clearer comparisons and expanded explanations.

Voice Over Assessment

An indication of audio content is present; however, no voice-over material was available for review. Without access to this component, it cannot be fully evaluated.

Structure and Citation Evaluation

The presentation demonstrates a basic organizational framework with an introduction, main points, and conclusion. References are included, but citation formatting is incomplete and in-text citations are absent. Transitions between sections are limited, and overall academic formatting requires further refinement.

Design Assessment

The presentation uses a minimalistic design approach with brief bullet points and limited visual support. The lack of images, charts, or graphics reduces engagement and does not fully support the content. Additional visual elements could enhance clarity and comprehension.

</output-cai>
<reflection-cai>

This evaluation highlights several areas for improvement:

Content Development

Expand explanations of cultural elements

Provide concrete examples to illustrate key ideas

Clarify how cultural factors influence experiences and behaviors

Structural Improvements

Strengthen organizational flow

Improve citation formatting and include in-text references

Develop slide content more fully

Missing or Underdeveloped Elements

Provide the audio component if required

Incorporate visual elements

Expand cultural comparison with specific examples

Overall, the presentation appears to be an early-stage draft with substantial opportunities for improvement across all evaluation categories.

</reflection-cai>",PKKdiZYB,1.18E+31,response,1.74606E+12,fg
"<thinking-cai>

I will design a comprehensive assessment framework that uses multiple methods to document learning in authentic and developmentally appropriate ways. Key considerations include:

Assessment Types:

Ongoing and cumulative assessment

Performance-based evidence

Portfolio-based documentation

Observational records

Self-reflection

Peer interaction evidence

Project-based artifacts

Documentation Methods:

Digital collections

Narrative observations

Rubrics

Checklists

Learner reflections

Visual records

Audio or video samples

Alignment with:

Learning goals

Inquiry focus

Developmental expectations

Multiple ways of demonstrating understanding

Diverse learning approaches

The goal is to create an assessment framework that captures learning through varied evidence sources while remaining appropriate for early learners.

</thinking-cai>
<output-cai>
Assessment Framework: Documenting Learning Processes

This assessment approach uses multiple methods to capture and document learning over time, emphasizing authentic evidence that reflects diverse ways learners demonstrate understanding.

Learning Documentation Through Observation

Observation Systems support ongoing documentation of learner growth through narrative records and visual samples. Facilitators maintain observation logs that record specific examples of learners demonstrating conceptual understanding, communication skills, and collaborative behaviors. Documentation focuses on authentic moments that occur during activities, discussions, and routine interactions.

Learner Self-Assessment and Reflection

Learning Portfolios enable learners to track their own growth and understanding. Portfolios include work samples, images, and brief reflections. Learners engage in guided reflection sessions to review their work, identify areas of strength, and set simple goals. These collections provide evidence of progress over time.

Performance-Based Assessment

Project Documentation and Sharing allow learners to demonstrate understanding through hands-on tasks and presentations. Facilitators use rubrics to assess both the process and outcomes of these tasks. Recorded samples of presentations or demonstrations provide additional evidence of learning and communication development.

Interactive Assessment Methods

Collaborative Activities provide opportunities to observe interaction, problem-solving, and idea-sharing. Structured observation tools support documentation of how learners work together and express understanding during cooperative tasks. Peer feedback activities encourage reflection while fostering a supportive learning environment.

Multiple Perspective Documentation

Contextual Input enriches the assessment process by incorporating observations from multiple settings. Feedback collected across learning contexts contributes to a more holistic understanding of learner development.

Digital Documentation Tools

Technology-Supported Evidence Collection enables efficient capture and organization of documentation. Visual and audio records are used to create digital learning narratives and curated collections of learner work. These tools support sharing and reflection while maintaining accessible documentation systems.

Standards-Aligned Progress Monitoring

Skills and Concepts Checklists track progress toward learning goals using developmentally appropriate indicators. These tools support instructional planning while providing structured evidence aligned with curricular expectations.

Making Learning Visible

Documentation Displays and Learning Narratives combine visual records, learner artifacts, and written explanations to illustrate learning processes. These representations support reflection and communicate learning progress in meaningful ways.

</output-cai>
<reflection-cai>

This assessment framework demonstrates several strengths:

Use of varied assessment methods

Balance between facilitator observation and learner reflection

Integration of multiple evidence sources

Combination of analog and digital documentation approaches

Potential areas for enhancement include:

Expanding structured peer assessment

Incorporating additional quantitative indicators

Refining rubrics for specific competencies

Overall, the framework provides a comprehensive system for gathering evidence of learning while remaining feasible to implement. Future steps may include:

Developing templates for documentation tools

Creating systems for organizing digital records

Establishing regular review routines

Aligning assessment timelines across methods

Key implementation considerations:

Maintaining efficiency in documentation

Ensuring authenticity of evidence

Keeping documentation purposeful

Using assessment data to inform instructional decisions

</reflection-cai>",56PMjJYB,01167dc6,response,1.74613E+12,we